c	박근혜 시정연설	기억하는 사람들에게 박근혜 대통령의 국회 시정연설은 그와 비슷해야 하지 않느냐는 의견도 많은 편입니다. ' 박근혜의 시정연설을 사수하라' 박근혜 대통령이 취임 첫 국회 시정연설을 하는 오늘, 국회 사정은 그리 좋지 않습니다. 민주당과
c	국정원 개혁특위	것"이라고 설명했다. 이에 따라 새누리당 최 원내대표는 민주당 측과 접촉에 나설 것으로 보인다. 그러나 민주당은 국정원 개혁 특위와 국가기관의 대선개입 의혹에 대한 특검 도입을 거듭 주장하고 있어 여야 협상은 난항을 겪을 것으로 보인다.
c	강기정 몸싸움	강기정 의원 법적 조치 하겠다. 청와대 직원(경찰)에 의한 강기정 의원 폭행을 거꾸로 강기정의 폭행이라며 처벌하겠다? 청와대 직원 폭행 항의를 하며 몸싸움 발생 그와중에 청와대 직원 입술에 피 난거 빌미로 폭행이다? 몸싸움 난리통 상황에서
c	조명균 기자회견	사무실에서 검찰의 남북정상회담 회의록 수사 결과에 대한 반박 기자회견을 하고 있다. 오른쪽은 노무현재단 이병완 이사장. [최승식 기자]NLL(북방한계선) 대화록 논란의 열쇠를 쥔 조명균 전 청와대 안보정책비서관이 17일 검찰 수사 결과를
s	한화 정근우 이용규	[매경닷컴 MK스포츠(서귀포) 전성민 기자] 자유계약선수(FA) 계약을 맺은 정근우와 이용규가 한화 이글스에 최대한 빨리 융화되겠다는 뜻을 전했다. 정근우와 이용규는 19일 제주 서귀포시에서 취재진과 인터뷰를 가졌다. 정근우와 이용규는
s	삼성 캔버라	야구인이 2013 아시아시리즈에 출전하는 프로야구 삼성 라이온즈를 두고 한 말이다. 결과적으로 삼성은 18일 준결승서 호주 챔피언 캔버라 캐벌리에게 5-9로 패하면서 결승 진출이 좌절됐다. 동시에 삼성을 향한 비난이 각종 인터넷 사이트와
e	변호인 예고편	시대를 어떻게 살아나갔는지를 '변호인'을 통해 보여주려 했다'고 연출의 변을 밝혔다. 연출의 방향에 대해서는 "사실을 왜곡하거나 미화한 것은 없다"면서 최대한 객관적 시선을 견지하려 했음을 밝혔다. 영화의 예고편이 공개된 뒤 인터넷상에서
s	GSP 헨드릭스	[데일리안 스포츠 = 김태훈 기자] ◇ [UFC 167]생피에르전에서 아쉽게 패한 헨드릭스. ⓒ UFC '절대 챔피언' 조르쥬 생피에르(32·캐나다)라는 대어를 낚을 뻔했던 체급랭킹 1위 조니 헨드릭스(30·미국)가 벨트를 놓치고
s	최준석 롯데	소속팀 두산과의 협상에서 합의에 실패해 17일 자정을 기점으로 시장에 나왔다. 거포부재에 골머리를 앓던 롯데는 최준석을 영입하는데 성공, 공격력 강화를 기대하고 있다. 2001년 롯데에 입단한 최준석은 2006년 트레이드를 통해 두산으로
c	대정부질문	집중 제기…전임 시장 흔적 지우려 예산 낭비 주장도] 29일 오후 국회에서 새누리당 김성태 의원 인터뷰 국회의 대정부 질문 일정 첫날 새누리당이 박원순 서울시장을 정조준했다. 첫번째 질의자로 나선 김성태 새누리당 의원이 서울시 구룡마을
e	오로라공주 하차공지	죽거나 급작스럽게 하차하는 경우는 비일비재한 사항이다. 그러나 '오로라공주'처럼 인물들이 상관없이, 뜬금없이, 맥락 없이 죽거나 하차 하는 것은 큰 문제점이다. 미리 공지된 사항이라 하더라도 사임당의 죽음은 황당하기 그지없었다. 이에
c	삼성코닝 직원	있다. 삼성코닝 노조는 지난 주말 사측과 가진 위로금 협상에서 1인당 5억원의 위로금을 요구했다. 직원수가 4000명 이상인 것을 감안하면 위로금 총액은 2조원을 훌쩍 넘어선다. 노조는 "내년 코닝사로 편입되면 더 이상 삼성직원이 아니다"면서
c	석촌호수 수위	석촌호수 수위 .. 제2롯데월드.. 항공사고 우려에.. 이제는 석촌호수 사라지게된 원인?! 석촌호수 수위 궁금해서 찾아보다가 공감가고 재미있는 연애/결혼관련 무료 테스트를 발견했네요~ ^^ 석촌호수 수위 도 흥미롭지만 솔로나 미혼남녀들에게
c	서울대강남출신	2013학년도 서울대 정시모집 합격자 중 서울 소재 일반고 학생 10명 중 7명이 강남ㆍ서초ㆍ송파구 등 강남 3구 출신인 것으로 나타났다. 서울대가 정시 선발을 확대하기로 함에 따라 특목고는 물론, 일반고에서도 강남 지역 학교에 대한 쏠림현상이
e	이연두 귀국	배우 이연두가 18일 오후 인천공항을 통해 브라질에서 27일만에 귀국했다. ▲ 이연두 '초췌한 모습으로 27일만에 귀국' ▲ 이연두 '물의 일으켜 죄송합니다' ▲ 이연두 '입술 깨물며 눈물 참아' ▲ 이연두 '쏟아지려는 눈물 입술
s	독일 잉글랜드	[스포탈코리아] 정지훈 기자= 잉글랜드와 독일 대표팀의 갈등의 골이 깊어지고 있는 상황에서 독일의 요아힘 뢰브 감독이 수습에 나섰지만 이미 늦은 것처럼 보인다. 잉글랜드와 독일은 20일 새벽 5시(한국시각) 런던 웸블리 스타디움서 평가전을
s	씨름 승부조작	스포츠과학대 정희준 교수 프로축구, 프로농구에서 승부조작이 일어났던 그 충격에서 헤어나기도 전에 이번에는 씨름에서 승부조작 사건이 터졌습니다. 지난 1월 전북 군산에서 열린 설날장사씨름대회 금강급 결승전에서 A선수와 B선수가 만났는데요.
e	이홍기 결별	이홍기가 결별 사실을 털어놨다. FT아일랜드 이홍기는 11월 18일 서울 강남구 청담동 CGV청담씨네시티 3층 엠큐브에서 진행된 tvN 드라마 '청담동111' 제작발표회에서 여자친구와 결별 사실을 털어놨다. 이홍기 결별 소식을 접한
c	이명박 소송	이명박 소송 (사진: 이명박 전 대통령 페이스북) 이명박 전 대통령이 중국음식점 업주로부터 소송을 당했다. 16일 법조계에 따르면 이모씨는 지난 8월 이 전 대통령과 청계재단을 상대로 "건물 증축과 내부 리모델링 비용 6억원을 돌려달라"며
s	박인비 올해의선수	이상화는 최근 국내 뿐 아니라 전 세계의 이목을 집중시키는 업적을 일궈내 더욱 눈길을 끌고 있다. ◆ 박인비, 한국 선수 최초 '올해의 선수상' 기염 = 우선 박인비. 지난 18일 새벽 멕시코에서 날아온 '골프여제' 박인비발 낭보는 그야말로
s	손흥민 5대유망주	[스포탈코리아] 왕찬욱 기자= 손흥민(21, 레버쿠젠)이 네이마르(21, 바르셀로나)와 함께 '유럽 5대 유망주'로 이름을 올렸다. 유럽 축구통계 전문매체 '후스코어드닷컴'은 2013/2014시즌 평균 평점을 기준으로 21세 이하 선수
e	런닝맨 류현진	야구만 잘하는 줄 알았더니 예능도 선수급이었다. 지난 8일부터 SBS 예능 프로그램 '일요일이 좋다-런닝맨'에 출연 중인 류현진이 지난 17일 방송에는 직접 출연해 멤버들과 대결을 벌였다. 그는 혼자, 그것도 비밀리에 8명의 출연진(
e	올드보이 유연석	강남선배 또는 '늑대소년'의 '지태', 드라마 '구가의서'의 이유비 오빠로 등장한 사실을 모르는 사람들이 많다. 유연석 올드보이 시절 연기에 네티즌은 "유연석 올드보이 출연, 그 열연 소년이 유연석이라니", "유연석 올드보이, 최고의 데뷔작이다",
s	한국 러시아 평가전	한국시간) 한국과 결전을 앞둔 카펠로 감독의 인터뷰를 전했다. 한국과 러시아는 9일 밤 11시(이하 한국시간) 아랍에미리트(UAE) 두바이 자빌 스타디움에서 평가전을 치를 예정이다. 카펠로는 "한국은 세르비아에 비해 세지는 않다. 하지만
c	삼성동아이파크 보상금	삼성동아이파크 보상금 삼성동아이파크 보상금에 대한 네티즌들의 관심이 쏠리고 있다. 18일 보험업계에 따르면 LG전자 소속 헬기가 가입한 보험은 LIG손해보험의 상품으로 최대 2140만 달러(약 228억원)의 보상이 가능한 상품으로 확인됐다.
c	조용기비리의혹	여의도순복음교회는 조용기(사진) 원로목사와 그 일가가 수천억원대의 교회 돈을 빼돌렸다는 의혹 제기와 관련해 특별조사위원회를 구성해 진상조사를 벌이기로 했다.( < 한겨레 > 15일치 8면 참조 ) 여의도순복음교회는 17일 당회 운영위원회를 열어 조 목사의 비리 의혹
c	달력 대체공휴일	10일을 평일처럼 검은 색으로 인쇄하고 그 밑에 빨갛게 '대체공휴일' 표시를 한 대구지역 한 기업의 내년도 달력. 대체공휴일 관련 규정이 지난달 말에야 국무회의를 통과했고 아직 국회를 통과하지 못한데다 대체휴일을 쉬기 어려운 수요처
e	안성기 조용필	안성기 조용필 은관 문화훈장 [티브이데일리 조해진 기자] 배우 안성기가 은관 문화훈장을 수여받았다. 18일 오후 6시 서울 올림픽공원 올림픽홀에서 '2013 대한민국 대중문화 예술상 시상식'이 개최됐다. 이날 은관 문화훈장을 수여받은
e	파천황 한석규	▲ 한석규 '파천황' [엑스포츠뉴스=정희서 기자] MBC 측이 배우 한석규의 새 월화드라마 '파천황'(극본 김영현, 연출 박홍균) 출연설에 확정된 바 없다고 밝혔다. MBC 측 관계자는 18일 엑스포츠뉴스와의 전화통화에서 "한석규의 '
e	전현무 김슬기	예능프로그램 '월드 챌린지-우리가 간다'(이하 우리가간다)에서 끝까지 포기하지 않고 김슬기를 지켜냈다. 이날 전현무는 김슬기와 짝을 이뤄 아내업고달리기 대회에 한국인 최초로 참가했다. 하지만 이들의 상대는 전년도 챔피언. 빛의 속도로
c	강기정 몸싸움	민주당 의원들과 청와대 경호 지원인력 간 몸싸움이 벌어지고 있다. 2013.11.18 / 사진=뉴스1 강기정 민주당 의원과 벌어진 몸싸움 논란과 관련해 당사자인 현모 순경은 19일 "강 의원에 고의성이 있다"고 주장했다. 현 순경은 이날
c	전기요금 인상	그어 기업에 비판적인 곳 찾아가 소통…"경제민주화 시대적 과제" "박(용만) 대한상의 회장은 경제계가 산업용 전기요금 인상에 반대하는 것을 무리라고 생각한다며?" "정말?" "지난 9월 전기요금 인상에 반대하는 경제계 의견을 모아 정부에
c	정문헌 검찰조사	[한겨레] 2007년 남북정상회담 회의록 유출 의혹 사건과 관련해 19일 검찰에 출석해 조사를 받은 정문헌 새누리당 의원은 조사를 마치고 귀가하면서 '회의록 내용을 김무성 의원, 권영세 주중대사에게 알려줬느냐'는 질문에 "아니다. 제가
c	국정원 수사	검찰…'비밀' 유출에 국정원 압수수색 안 하나 당시에 유출된 문건은 '비밀에 준하여 보관한' 대외비 문건이지만, 이번에 유출이 의심되는 문건은 '2급 비밀' 문건으로 사안의 중대성이 더욱 크다. 이번 검찰 수사의 핵심은 지난 대선 때
c	국회 대정부질문	대정부질문 첫날인 19일 국회는 전날 박근혜 대통령 시정연설 뒤 발생한 민주당 강기정 의원과 청와대 경호담당 직원 간 몸싸움 여파로 온종일 몸살을 앓았다. 시정연설 내용에 대한 불만과 청와대의 법적 대응 거론에 민주당이 반발하면서
s	한국 러시아 평가전	전반적으로 경기를 리드했지만, 결과에서는 아쉬움을 삼켰다. 한국은 19일 밤(한국시간) 아랍에미리트(UAE) 두바이 자빌 스타디움서 열린 러시아와의 평가전에서 김신욱의 선제골로 앞서 나갔지만, 전반 11분 스몰로프와 후반 13분 타라소프에게
s	벨기에 일본	CSKA모스크바 구단 홈페이지 일본 축구의 저력이 유럽을 놀라게 하고 있다. 국제축구연맹(FIFA) 랭킹 44위의 일본이 5위 벨기에를 제압했다. 일본은 20일(한국시각) 벨기에 브뤼셀에서 열린 벨기에와의 친선경기에서 3대2로 승리를 거뒀다.
s	삼성 캔버라	야구인이 2013 아시아시리즈에 출전하는 프로야구 삼성 라이온즈를 두고 한 말이다. 결과적으로 삼성은 18일 준결승서 호주 챔피언 캔버라 캐벌리에게 5-9로 패하면서 결승 진출이 좌절됐다. 동시에 삼성을 향한 비난이 각종 인터넷 사이트와
c	서울대 강남출신	서울대 강남출신 싹쓸이 '서울대 합격률 강남 출신이 많아' 2013학년도 서울대 정시 모집에 합격한 서울 소재 일반고 학생 10명 가운데 7명이 강남 3구 출신인 것으로 나타나 서울대 강남출신이 싹쓸이했다고 해도 과언이 아닌데요. 이거
e	송강호 노무현	송강호 노무현 변호인 예고편 부림사건 심장이 터질 것 같았던 대사에 눈물 흘린 이유 영화 변호인은 아마도 꼭 봐야 할 영화가 아닌가 싶습니다. 특히 요즘 같이 국민이 천대받는 시대에 이 영화는 꿈과 희망을 주는 그런 영화가 되지 않을까
s	독일 잉글랜드	[스포탈코리아] 김성민 기자= 독일이 잉글랜드와의 평가전에서 수준 높은 경기력을 보이며 잉글랜드를 침몰시켰다. 독일은 20일 새벽(한국시간) 영국 웸블리 스타디움에서 열린 잉글랜드와의 평가전에서 페어 메르테자커의 결승골로 1-0 승리를
c	삼성코닝 직원	계열사 이전 신청 마감보다 코닝에 남게 되는 임직원에게 지급되는 위로금 액수가 먼저 공개될 전망입니다. 삼성코닝정밀소재는 1인당 평균 위로금 액수로 약 5천만 원을 제안했고, 직원 비상대책위원회는 5억 2백만 원을 요구하고 있습니다.
s	손정오 가메다	어디라도 좋으니 재대결을 추진하겠다"고 밝혔다. 판정패에 불복, WBA에 제소하는 한편, 가메다와 재경기를 추진하겠다는 것이다. 손정오도 "판정은 전혀 납득이 가지 않는다. 일본 팬들도 도전자가 이겼다고 생각하고 있다. 다운을 빼앗은
s	호날두 골	번째 골을 터뜨리고 있다. / 유튜브 영상 캡처 [스포츠서울닷컴ㅣ김광연 기자] '2분 사이에 두 골!' 역시 크리스티아누 호날두(28·레알 마드리드)였다. 골 세방으로 위기에 빠진 포르투갈을 구했다. 호날두는 20일 오전(이하 한국
s	씨름 승부조작	회장(오른쪽) 등 임원진이 19일 오후 서울 송파구 방이동 올림픽파크텔에서 열린 '승부 조작' 관련 입장 발표 기자회견에서 고개숙여 사죄하고 있다. 전주지검은 지난 18일 승부조작에 가담한 혐의로 씨름선수 안모 씨 등 2명을 구속했다.
e	응답하라1994 메이킹	'응답하라 1994' 메이킹 영상이 공개되었다. 최근 높은 시청률을 자랑하고 있는 tvN 금토 드라마 '응답하라 1994'의 메이킹 영상 2탄이 공개된 가운데, 고아라 유연석의 키스신 NG 장면이 공개되어 눈길을 끌고 있다. 19일 '
e	이홍기 결별	이홍기가 결별 사실을 털어놨다. FT아일랜드 이홍기는 11월 18일 서울 강남구 청담동 CGV청담씨네시티 3층 엠큐브에서 진행된 tvN 드라마 '청담동111' 제작발표회에서 여자친구와 결별 사실을 털어놨다. 이홍기 결별 소식을 접한
s	박인비 올해의선수	이상화는 최근 국내 뿐 아니라 전 세계의 이목을 집중시키는 업적을 일궈내 더욱 눈길을 끌고 있다. ◆ 박인비, 한국 선수 최초 '올해의 선수상' 기염 = 우선 박인비. 지난 18일 새벽 멕시코에서 날아온 '골프여제' 박인비발 낭보는 그야말로
c	QM3 완판	연합뉴스) 이유진 기자 = 르노삼성자동차는 연내 1천대만 한정 판매하기로 한 소형 스포츠유틸리티차량(SUV) 'QM3'가 개시 당일 다 팔렸다고 20일 밝혔다. 르노삼성차의 5번째 신규 라인업 QM3는 유럽에서 '캡처'(Captur)
c	프라이머리 공식입장	논란이 된 거머리 'I GOT C' 음원판매를 잠정 중단하겠다는 공식입장을 밝혔다. 전 온라인 음원사이트에서 ) '아가씨' 음원 판매가 전면 중단됐다. 이로써 프라이머리의 표절 논란은 마무리되는 듯 했지만 데이비드 슈얼러스는 지난
e	이민호 강남블루스	지었다. 11월 19일 영화계에 따르면 이민호는 유하 감독의 신작 '강남블루스'에 출연하기로 결정했다. 앞서 이민호는 '강남블루스' 출연 제의를 받았으나 "검토 중인 단계"라며 말을 아낀 바 있다. 그런 그가 최근 '강남블루스' 출연을
c	조용기비리의혹	여의도순복음교회는 조용기(사진) 원로목사와 그 일가가 수천억원대의 교회 돈을 빼돌렸다는 의혹 제기와 관련해 특별조사위원회를 구성해 진상조사를 벌이기로 했다.( < 한겨레 > 15일치 8면 참조 ) 여의도순복음교회는 17일 당회 운영위원회를 열어 조 목사의 비리 의혹
e	김성주 아버지	'김성주' '김성주 아버지' 방송인 김성주가 파킨슨병을 앓고 있는 아버지를 언급하며 눈물을 쏟았다. 지난 18일 방송된 SBS '힐링캠프, 기쁘지 아니한가(이하 '힐링캠프')'에는 김성주가 출연해 솔직한 입담을 뽐냈다. 이날 김성주는
c	안중근일본정부	FM 98.1 (07:00~09:00) ■ 진행 : 김현정 앵커 ■ 대담 : 송민순 전 외교부장관 안중근 의사는 범죄자다. 일본 정부의 대변인 격이죠. 스가 요시히데 관방장관이 어제 이런 말을 했습니다. 이 말이 나온 배경은 이렇습니다.
c	LIG손보매각	이후 1300억원 규모의 재원 마련을 놓고 다양한 방안을 검토했지만 확실하고 신속한 자금조달을 위해 LIG손보 지분 매각은 불가피한 선택이었다"고 말했다. 지분 20.9%를 매각할 경우 약 3400억원 가량을 확보할 수 있을 것으로
e	김혁 농구	우리동네 예체능'은 강호동, 최강창민, 이정진, 박진영, 서지석, 줄리엔강, 존박, 이혜정, 새로 투입된 김혁이 초등학생들과 농구 대결을 펼치는 모습이 그려졌다. 이날 김혁은 처음으로 예체능에 합류했지만 뛰어난 농구실력으로 단숨에 에이스로
c	비외른보리평양	스웨덴 속옷 회사 '비외른 보리'가 네티즌과의 약속대로 북한의 수도 평양에 속옷 450벌을 뿌렸다. 그러나 예고했던 공중 투하가 아닌 직접 속옷을 들고 평양에 몰래 들어가는 방식을 택했다. 앞서 비외른 보리는 공식 홈페이지를 통해 네티즌
e	조용필 안성기	수상했습니다. 어제 한국 대중문화예술을 이끈 4명이 은관 문화훈장을 받았습니다. '가왕' 조용필(63), '희극계 대부' 구봉서(87), '국민 배우' 안성기(61), '한국 최고 디바' 패티김(75)입니다. 4명은 더 이상 설명이 필요 없는
e	네이웃의아내불륜	앞서 '네 이웃의 아내'의 김유석은 기자 간담회에서 "안선규라는 캐릭터가 마음만 갈 뿐 쉽게 움직이지 않는 성격이다. 막장은 끝까지 가지만 선규는 끝까지 갈 수 없는 캐릭터다"라며 "눈으로만 바라볼 뿐 마음은 잡고 있는 거다"라고 언급한 바 있다. 다른 배우들 역시 '선을 넘지 않는' 정도로 드라마가 전개될 것이라고 추측했다. 하지만 그 '선'에 대한 생각은 모두 다르고, 더 강도가 센 '선'이 남아있어 어떤 '선'에 기준을 맞춰서 봐야할 지 애매한 여지가 남아있다. 제작진이 이 부분을 노리고 위기를 더욱 극적으로 보여주기 위한 일종의 장치로서 두 부부의 엇갈린 키스신을 넣었을 수도 있다. 하지만 키스를 나눈 두 부부를 배우들이 밝힌 "자극적이기만 한 내용이라고 보시지 않았으면 좋겠다"는 바람대로만 보기에는 아쉬움이 남는다. 아슬아슬한 마음이 결국 행동으로 옮겨지면서 점점 더 위험한 불륜으로 치닫고
c	갤럭시기어 판매량	나가고 있다. 앞서 미국 정보기술(IT) 전문매체인 애플 인사이더는 '비즈니스코리아' 발표를 인용해 갤럭시 기어 누적 판매량이 5만대, 하루 800∼900대라고 18일(현지시간) 밝혔다. 그러자 삼성전자 측은 이는 한국 내 판매량(
e	꽃보다누나호칭	징그럽다"고 거들어 폭소를 안겼다. 이어 '이모', '엄마'라는 호칭까지 나왔고, 결국 김자옥은 "그냥 부르지 마"라고 버럭하며 상황을 정리했다. 한편 '꽃보다 누나'는 '꽃보다 할배' 나영석 PD의 배낭여행 프로젝트 제2탄으로 발칸
c	김수근 공간사옥	지나지 아니한 것이라도 긴급한 보호 조치가 필요한 것은 등록문화재로 등록할 수 있다'고 되어 있다. 문화재청은 김수근 공간 사옥이 지은 지 42년밖에 되지 않지만 바로 이 조항을 적용해 등록문화재로 등록할 예정이다. 앞서 김원 광장건축
c	국정원 트윗글	국정원 트위트 실체 밝혀냈다! 지난 10월 18일, 윤석열 국정원 특별수사팀장은 수사를 통해 5만 5,689건의 국정원 트윗 글을 밝혀내고 공소장 변경을 신청했었습니다. 국정원이 대선에 '대대적으로' 개입했음을 증명하는 중요한 증거였습니다.
c	이외수 하태경	발언을 부각시키는 일부 언론을 비판하기도 했다. 이씨는 트위터에 "왜 일부 언론들은 이외수를 비난한 댓글만 게재하고 합리적이고 논리적으로 하태경 의원을 질타하는 글들에는 침묵할까. 이미 언론이기를 포기했다는 뜻일까"라고 남겼다.
c	소금밥 계모	이기지 못하고 10살이라는 어린 나이에 생을 마쳤다. 아이의 사인은 '소금중독으로 인한 전해질 이상'이었다. 계모는 아이에게 소금밥을 먹이고, 토사물과 대변을 먹였다. 계모 양모씨(51)는 2008년 9살 연하의 ㄴ씨(42)를 만나 재혼했다.
c	정문헌 김무성	기자/자료사진) 2007년 남북정상회담 대화록 유출 의혹과 관련해 애초 대화록 내용을 '공유'했다던 새누리당 김무성, 정문헌 의원이 말을 바꾸면서 검찰 수사에 대비해 입을 맞췄다는 의혹이 나오고 있다. 검찰이 새누리당 의원들에 대해
e	박신혜 이민호	'상속자들' 김지원이 이민호와 박신혜의 동거를 알고 분노했다. 11월 21일 방송된 SBS 수목드라마 '왕관을 쓰려는 자, 그 무게를 견뎌라-상속자들'(극본 김은숙/연출 강신효) 14회에서 유라헬(김지원 분)은 차은상(박신혜 분)이
s	스페인 남아공	때문이다. 스페인 스포츠지 '마르카'는 20일자 뉴스를 통해 FIFA가 스페인-남아공전을 무효로 판정했다고 보도했다. 남아공이 스페인을 1-0으로 꺾은 결과가 FIFA 랭킹 포인트 산정에 포함되지 않는다고 전했다. 스페인은 이케르 카시야스를
s	오승환 한신	제외한 구단 전력이 잘 갖춰진 상태라 오승환의 영입은 팀의 숙원인 우승을 향한 마지막 '퍼즐'이라는 평가다. 오승환이 한신 유니폼을 입으면 올해 임시 마무리로 14세이브를 기록한 후쿠하라 시노부는 중간계투로 기용될 것으로 보인다. ◇
e	우결 대본논란	싶습니다. 그래야 팬들도 마음의 문을 열고 사과를 받아들일 수 있을 테니까요. 한편, 이런 욕설 논란도 모자라 우결 대본논란이 번지면서 비난을 피할 수 없게 돼버렸습니다. 특히 문제의 영상 속에는 "대본 그대로 읽으라"라는 주문 내용이
s	박한이 삼성	"삼성에 남고 싶어 계약했다." 박한이(34)의 삼성 사랑이 팬들의 마음을 자극하고 있다. 박한이는 21일 아시아시리즈를 마치고 인천공항을 통해 귀국하면서 자유계약선수(FA) 계약에 대한 마음을 솔직하게 털어놨다. 그의 대답은 "삼성에
c	김광진 사이버사령부	【서울=뉴시스】박대로 기자 = 민주당 김광진 의원과 새누리당 서상기 의원이 20일 '군 사이버사령부가 국정원의 지침을 받고 활동하며 청와대에 매일 상황보고를 했다'는 의혹과 관련, 시각차를 드러냈다. 국회 국방위원회 소속인 김 의원은
s	박주영 조롱	life'를 샘플링한 뒤 가사를 바꿔 부른 것으로, 이 변조된 음악은 아스널의 후보 공격수인 박주영과 니클라스 벤트너를 직접적으로 조롱하고 있다. 아스널 팬인 영국의 희극배우 제임스 니콜스(트위터 @jamesmcnicholas)가
s	우루과이 요르단	대륙간 플레이오프 2차전에서 요르단과 0-0으로 비겼다. 하지만 요르단 원정 1차전에서 5-0 대승을 거뒀던 우루과이는 요르단을 1, 2차전 합계 5-0으로 여유있게 따돌리고 월드컵 본선 무대에 합류하게 됐다. 2010 남아공월드컵 4강
s	호날두 발롱도르	동작까지 하며 호날두를 조롱했다. 이후 비난 여론이 거세자 블래터 회장은 공식 사과했다. 이 때문에 FIFA가 호날두에게 발롱도르를 안겨주기 위해 투표기간을 연장한 것이 아니냐는 논란이 나왔다. 호날두는 지난 20일 브라질 월드컵 유럽지역
c	필리핀 파병	요청으로 파병한 아이티 외에 아랍에미리트에 아크부대를 보낸 적이 있다. 당시에는 특수전 능력강화를 위한 교류 차원이었다. 6.25전쟁 참전국가인 필리핀은 당시 7420명을 파병했다. 이중 112명이 전사했고, 299명이 부상을 입었다.
c	정우택인사청탁	새누리당 정우택 최고위원(60·사진)이 20일 현오석 부총리 겸 기획재정부 장관에게 공공기관 고위직 인사에서 원외 당협위원장들을 배려해 달라고 요청했다. 주무 장관을 불러놓고, 노골적으로 인사청탁을 한 것 아니냐는 비판이 나오고 있다.
c	수능 출제오류	하지만 '기업의 연구개발비가 투자에 포함된다'는 1번 지문도 틀린 것일 수 있다는 분석이 나왔다. 출제 오류 논란이 제기된 올해 수능 경제 과목 16번 문항이다. 평가원은 정답을 3번으로 발표했지만 기업의 연구개발비를 투자에 포함시킨
e	1박2일 새멤버	[TV리포트=이우인 기자] 배우 이준기가 KBS2 '해피선데이-1박2일' 시즌3의 새 멤버로 투입된다는 보도와 관련해 "제안을 받은 건 맞지만 사실이 아니다"고 부인했다. 이준기 소속사 관계자는 21일 TV리포트에 "'1박2일' 제작진으로부터
c	박지원 징역구형	[데일리안 = 스팟뉴스팀] ◇ 20일 법원이 '저축은행 금품수수' 혐의로 기소된 박지원 민주당 의원에게 징역을 구형했다.(자료사진) ⓒ데일리안 "말이 안 되는 얘기를 하지 말라!" 이른바 '저축은행 금품수수' 혐의로 법정에 선 박지원
e	장자연 조작증거	재판부에 제출할 것을 요구하고 있다. 앞서 김씨 측은 '장자연 문건' 사본 필적과 유씨 필적의 비교 감정을 의뢰, 8개 자획이 유사하다는 결과를 받았다. 이를 '조작 의혹' 증거로 법원에 제출했다. 원본 필적을 기초로 감정을 한다면 보다
c	이장우 김재연	윤리특위 제소키로 (서울=연합뉴스) 임형섭 기자 = 국회의 21일 경제분야 대정부질문에서는 새누리당 이장우 의원이 통합진보당 김재연 의원에게 "김일성 주의"라고 비판하며 질의가 중단되는 소동이 벌어졌다. 이번 소동은 질의자로 나선 김
e	라디오스타 한재권	기자] '라디오스타'의 배려가 아쉬움을 남겼다. 11월 20일 방송된 MBC '황금어장-라디오스타' 중독특집에서는 김신영, 케이윌, 이봉원, 한재권 박사 등이 출연했다. 각자 중독된 무언가를 선보이는 자리로 꾸며진 가운데 이날 김신영,
s	프로야구 2차드래프트	성공한 선수는 소수이고, 대부분은 팀을 옮긴 뒤에도 백업에 머물렀습니다. 그러나 올해 두번째로 열리는 프로야구 2차 드래프트에서는 유망주 보호를 위해 거물급 베테랑들이 대거 나와 즉시전력감으로 기여할 것으로 예상돼 주목됩니다. 두산의
c	일본안중근망언	부응해 안중근 의사 표지석을 설치하기로 한 데 대해 격분한 일본을 겨냥한 발언이다. ↑ 죄송합니다, 일본의 망언을 듣게 해서 안중근 의사는 훙레이(洪磊) 중국 외교부 대변인이 전날 공식화한 대로 중국에서도 널리 존경 받아 온 인물로
c	과학기술위성 3호	< 앵커 > 우리나라가 오늘(21일) 과학기술위성 3호를 발사했습니다. 우주의 비밀을 풀어낼 국내 최초의 적외선 망원경을 궤도에 올렸습니다. 박세용 기자가 설명해드립니다. < 기자 > 지구에서 1,820광년 떨어진 곳에서 고온의 수소
s	김남일 김보민	[뉴스엔 박아름 기자] 2007년 12월 8일 세간의 뜨거운 관심 속에 결혼에 골인한 김남일 김보민 부부. 김보민 모녀가 이들 부부가 과거 의도치않게 대국민 거짓말쟁이가 될 수 밖에 없었던 사연을 모조리 공개했다. 11월20일 방송된
c	9호선 시민펀드	[머니투데이 변휘기자] 서울시의 지하철 9호선 '시민펀드'가 판매 첫 날 일부 상품의 '완판' 행렬을 기록하며 인기몰이에 나섰다. 저금리·저성장으로 갈 곳을 잃은 시중자금이 연 4%초·중반의 이율을 보장하는 시민펀드에 대거 몰렸다는
c	전기요금인상반발	통해 전기요금 인상을 정당화하려는 한국전력의 의도가 괘씸하다는 것이다. 트위터 ID 'pla '는 "요즘은 한전에서도 대남 심리전 하나? 4만원 버는 나라하고 2만원 버는 나라하고 요금을 수평 비교하나?"라고 반발하고 나섰다. ID '
c	천주교 시국미사	촉구했다. 이에 새누리당은 대변인 논평을 통해 "불순함이 극단에 달한 것"이라며 시국 미사를 강경한 어조로 비판했다. 반면 민주당은 대변인 논평에서 "천주교 정의구현사제단의 입장은 박근혜정권의 국민불통과 엄중한 정국에 대한 무책임함이
c	국정원비방트윗	설명했다. 국정원 직원이 올린 글은 종전에 밝혀진 인터넷 댓글 등하고 내용면에서는 차이는 없다. 다만 전파성이 큰 트위터를 이용해 대량의 글을 동시에 퍼뜨렸다는 점에서 파급력이 훨씬 클수밖에 없다. 이번에 발견된 트윗글에는 "안철수 나이가 50인데 세상을 얼마나 살았다고 자서전인가. 시건방지다" "안철수를 보면 황우석이 생각난다"라는 글이 포함됐다. 안 의원에 대한 글은 2011년 이후 총선 기간에 집중됐다. 당시 안 의원은 대부분 여론조사에서 박근혜 대통령보다 우위를 점하는 등 기세 등등했던 시기다. 이후 트윗글의 타깃은 문재인 의원쪽으로 옮아갔다. 검찰 관계자는 "문 의원에 대한 비난 글은 안 의원과의 후보 단일화 이후 야권 후보가 됐을때 집중적으로 쏟아졌다"고 전했다. 이정희 통합진보당 대표에 대한 비방 글은
c	안철수 창당	【서울=뉴시스】 박문호 기자 = 신당 창당을 공식 선언할 것으로 알려진 안철수 의원과 박원순 서울 시장이 23일 오전 서울 송파구 잠실종합운동장 실내체육관에서 개최된 '2013 장애인 생활체육대회'에서 이야기를 나누고 있다.
c	연평도 도발 3주기	전쟁중이다 .. 북괴세습왕조 타도!! 북동포구출..자유민주주의 통일!!!! 빨갱이 척결.내부적 척결.. 북괴가 연평도 도발 3주기에 다시 청와대 불바다 전쟁 선포했다!! 2010. 11. 23일.. 북괴 도발 서울불바다전쟁 선포 질 협박질은
c	강기정 CCTV	배민욱 기자 = 박근혜 대통령의 시정연설 후 국회 본관 앞에서 빚어진 민주당 강기정 의원과 청와대 경호 지원요원간 충돌사태 장면이 녹화된 CCTV가 공개됐다. 강 의원은 22일 "정중히 신분을 확인한 뒤 뒷덜미를 잡았다"는 지원요원
s	프로야구 2차드래프트	[매경닷컴 MK스포츠 김원익 기자] 프로야구 선수 영입의 1,2라운드 FA와 2차드래프트가 끝났다. 이제는 3라운드 보상선수 지명에 돌입한다. 각 구단들의 눈치싸움이 치열하게 진행될 보상지명 선수 영입 전쟁이 펼쳐진다. 올해 FA계약을
c	이외수 통편집	MBC의 이외수 통편집, 이해돼도 남는 씁쓸함 [엔터미디어=정덕현의 이슈공감] MBC가 결국 < 일밤-진짜사나이 > 의 이외수 강연 녹화 분량을 통편집 하기로 했다. 방송이 의도치 않게 누군가에게 불편함을 준다면 심지어 자그마한 피해라고
c	꼬리물기 과태료	있었습니다. 최재영 기자입니다. < 기자 > 경찰이 캠코더를 들고 교차로를 주시합니다. 지난 12일부터 과태료 부과 대상이 되면서 꼬리물기나 끼어들기 하는 차량이 거의 보이지 않습니다. 넉 달 전 화면과 비교해봐도 일단 들어가고 보자는 식의
e	한효주 여우주연상	청룡영화상 여우주연상을 수상했다. 22일 오후 경희대학교 평화의 전당에서 열린 제34회 청룡영화상 시상식에서는 한효주가 여우주연상 수상자로 선정됐다. 한효주는 수상 직후 "너무나도 멋지고 훌륭하신 선배님들과 함께 후보에 오른 것만으로도
e	태민 손편지	아내 에이핑크 손나은에게 정식 프러포즈를 했다. 태민은 23일 방송된 MBC 예능프로그램 '우리 결혼했어요 시즌 4'(이하 '우결4')에서 손나은과의 만남 200일을 기념해서 손편지를 준비했다. 그는 제작진과의 인터뷰에서 "나은이 같은
e	이효리 MAMA	[뉴스엔 이민지 기자] 이효리가 MAMA에 참석했다. 2013 Mnet Asian Music Awards(2013 MAMA, 엠넷 아시안 뮤직 어워즈)가 11월 22일 홍콩 아시아 월드엑스포 아레나(AWE)에서 진행됐다. MAMA에서
e	박준규 망언	박준규가 망언을 내뱉었다. 박준규는 11월21일 방송된 MBC 파일럿 예능 프로그램 '기막힌 남편스쿨'에서 가부장적인 태도의 끝을 보여줬다. 이날 박준규 아내 진송아는 남편과 아들 박종혁에게 손수 아침밥상을 차려줬다. 이에 박준규는
c	낚시면허제	낚시면허제 도입논란 낚시면허제 도입논란이 일고 있다. 낚시면허제는 낚시를 하기 전에 낚시용품점이나 마트 등에서 평생~당일 면허를 구입하도록 하고, 만약 이를 어길 경우 과태료를 물리는 제도를 말한다. 하루에 잡을 수 있는 물고기 수와
e	김광규 나혼자산다	고생하신 어머니를 위해 바다가 보이는 전망 좋은 아파트 한 채를 선물 한 것. 22일 방송된 MBC '나 혼자 산다'에서는 김광규가 태어날 때부터 살았던 낡은 집에서 고층 아파트로 이사하는 김광규와 그의 어머니의 이야기가 비춰졌다.
e	MAMA 정우	▲ mama [엑스포츠뉴스=한인구 기자] '응답커플' 배우 정우와 고아라가 'MAMA' 무대에서도 유쾌한 호흡을 보여줬다. 22일 오후(현지 시간) 홍콩 아시아 월드 엑스포 아레나(Hong Kong Asia World-Expo Arena)
e	슈퍼독 블락비	[TV리포트=김수정 기자] 그룹 블락비 지코가 개념발언을 했다. 23일 방송된 KBS2 '슈퍼독'에서는 슈퍼독 TOP15를 결정하기 위한 라이벌 미션이 펼쳐졌다. 이날 블락비는 스페셜 심사위원으로 깜짝 등장했다. 블락비는 한 유기견
s	오승환한신입단	등 최대 9억 5,000만 엔(약 99억 원)에 한신에 입단했다. 당초 이대호가 기록한 2년 총액 7억 6,000만 엔을 뛰어 넘는 금액이다. ↑ 한국 최고의 마무리 투수인 오승환이 한신 타이거즈 유니폼을 입는다.ⓒ스포탈코리아/뉴스1
c	소금밥계모징역	10년이라는 것에 할 말을 잊고 말았네요. 그녀는 엄연히 어린 아이를 죽인 살인자인데 말이죠. 《소금밥 계모 자기 딸이었어도 그랬을까? 징역 20년도 부족한 이유》 『 소금밥 계모가 더 큰 엄벌에 처해져야 한다고 생각하시면 추천을 클릭해주세요 』
s	성남 대구	쓴 화려한 발자취는 과거 속에 묻히게 됐다. 성남의 마지막 홈경기 상대는 공교롭게도 강등권에 처져있는 대구다. 대구는 성남 원정 결과에 따라 2부리그(챌린지)로의 강등이 확정될 수도 있다. 그러나 성남도 양보할 순 없다. 역사 속에
c	정두언 출소	【서울=뉴시스】배민욱 기자 = 새누리당 정두언 의원이 23일 0시께 서울구치소에서 석방됐다. 이날 석방으로 10개월만에 의정활동에 복귀할 수 있게 됐다. 정 의원은 이날 서울구치소를 나서며 취재진과 지지자들을 향해 "그동안 걱정을
s	차두리 이혼조정	차두리 이혼조정 실패 양육권 문제? 차두리 파경 이혼 이유, 아이들 상처만 남긴 결정 아니길 차두리는 2008년 12월 신철호 임페리얼 팰리스 호텔 회장의 장녀 혜성씨와 결혼을 해 1남 1녀를 두고 있었고 그 누구보다도 행복해 보였었습니다.
c	이상호 무효판결	연합뉴스) 김아람 기자 = 서울남부지법 제13민사부(박인식 부장판사)는 이상호 전 MBC 기자가 MBC를 상대로 낸 해고무효확인소송에서 원고 승소 판결했다고 22일 밝혔다. 재판부는 "MBC는 해고를 무효로 하고, 올해 1월 16일부터
c	여교사 교육청	교육청, 미혼 여교사- 기업체 남사원 단체미팅 논란 경남 진주교육지원청-KAI 각 25명씩 모아..."여교사들 분노" 13.11.21 18:23 l 최종 업데이트 13.11.21 18:23 l 윤성효(cjnews) 태그 : 진주교육지원청 ,
e	황정민 남우주연상	쾌거다. 황정민은 22일 오후 서울 경희대학교 평화의전당에서는 개최된 제34회 청룡영화상 시상식에서 남우주연상을 수상했다. 이날 황정민은 트로피를 품에 안고 "후보에 올랐던 아주 훌륭한 배우들에게 박수 한 번 주세요"라며 동료들에게 고마움을
s	수원5연패	꿈도 물건너가게 됐다. 한때 4위 서울을 승점 1점차까지 추격하며 역전을 노렸던 수원으로서는 지난 10월 슈퍼매치에서 승리한 이후 울산전까지 내려 5연패를 당한 게 결국 발목을 잡았다. 리그 1위 울산을 맞아 전반 16분 강민수에게
c	천주교 시국미사	돌들이 소리 지르게 될 것이다. 성경구절 어딘가에 있는 말씀이란다. 민주당 박용진 대변인이 천주교정의구현사제단의 국가기관 대선개입 규탄 시국미사에 대한 새누리당의 반발과 관련한 서면 브리핑에서 이 성경구절을 인용했단다. 밤새 저 구절을
c	명동성당 폭발물소동	【서울=뉴시스】안호균 기자 = 24일 한 60대 남성이 서울 중구 명동성당에 폭발물을 설치했다는 허위 협박 전화를 걸어 경찰이 수색에 나서는 소동이 빚어졌다. 경찰청에 따르면 A(69)씨는 이날 오전 10시31분께 경찰 민원접수 번호인 '
c	안철수 창당	준비하고 있지만 현재 조정·조율과정을 거치는 등 내용이 확정되지 않았기 때문이다. 그럼에도 이번 기자회견이 안철수신당 창당과정의 분수령이 될 것이란 점은 의심의 여지가 없어 보인다. 안 의원 스스로 정치세력화에 관한 언급을 하겠다고
c	연평도포격 3주기	연평도 포격 도발 사건이 마치 북한이 당연히 그래야했던 행동인 것처럼 묘사돼 논란이 됐다. 박 신부의 강론을 접한 청와대 측은 불쾌한 심경을 감추지 않았다. 23일 이정현 홍보수석은 "흔들리는 지반 위에 집을 바로 세울 수는 없다"며 "그 사람들(정의구현사제단)의 조국이 어디인지 의심스럽다"고 정면 비판했다. 새누리당 민현주 대변인 또한 23일 논평을 내고 "다른 날도 아닌 연평도 도발 3주기를 하루
e	응답하라1994 정우	기자] '연기력 진검승부를 보여주고 있는 정우.' 스캔들쯤은 아무런 문제가 되지 않았다. 배우 정우는 tvN '응답하라 1994'의 쓰레기 캐릭터에 대한 견고함을 단단히 하고 있는 중이다. 자칫 우유부단하게 보일 수 있던 쓰레기가
e	아이유 히든싱어	눈물 소감을 접한 네티즌들은 "전현무 눈물에 나도 동감. '히든싱어2' 예능인데 보면 볼수록 눈물 난다" "히든싱어 아이유편 대박 꿀재미. 샤넌 노래에 소름 돋았다" "아이유 히든싱어도 눈물 연속. 전현무 소감 와닿네요" "히든싱어
s	에버턴 리버풀	[스포탈코리아] 김성민 기자= 역시 머지사이드더비였다. 리버풀과 에버턴이 합계 6골을 터뜨리는 명승부를 선보였다. 리버풀과 에버턴은 23일 오후 9시 45분(한국시각) 구디슨 파크에서 열린 2013/2014 시즌 프리미어리그 12라운드에서
c	꼬리물기 과태료	있었습니다. 최재영 기자입니다. < 기자 > 경찰이 캠코더를 들고 교차로를 주시합니다. 지난 12일부터 과태료 부과 대상이 되면서 꼬리물기나 끼어들기 하는 차량이 거의 보이지 않습니다. 넉 달 전 화면과 비교해봐도 일단 들어가고 보자는 식의
e	크레용팝 의상논란	[CBS노컷뉴스 조은별 기자 ] 걸그룹 크레용팝이 또다시 표절 표절논란에 휩싸였다. 최근 온라인 커뮤니티를 중심으로 크레용팝의 신곡 '꾸리스마스'의 의상 콘셉트가 '모모이로 클로버Z' 멤버 아리야스 모모카의 의상과 비슷하다는 의혹이
e	최한빛 눈물	최한빛 눈물 [티브이데일리 김진성 기자] 트렌스젠더 모델 최한빛의 눈물 고백이 시청자들을 뭉클하게 했다. 최한빛은 23일 방송된 MBC '세바퀴'에 출연해 성전환 수술 이후 힘든 시간을 보냈던 사연을 전했다. 최한빛은 "수술 후 극심한
e	태민 손편지	아내 에이핑크 손나은에게 정식 프러포즈를 했다. 태민은 23일 방송된 MBC 예능프로그램 '우리 결혼했어요 시즌 4'(이하 '우결4')에서 손나은과의 만남 200일을 기념해서 손편지를 준비했다. 그는 제작진과의 인터뷰에서 "나은이 같은
s	오승환 한신입단	면에서 보면 다분히 의도적으로 무시했다고 해석할 수도 있다. 주니치의 수호신 이와세 히토키(39)가 한신에 입단하게 된 오승환에 대해 "잘 모르겠다"고 평했다고 한다. 일본 스포츠전문매체인 스포니치아넥스가 24일 보도했다. 이와세는
e	지드래곤 4관왕	[마이데일리 = 전원 기자] 그룹 빅뱅의 지드래곤이 '2013 MAMA' 4관왕을 달성했다. 지드래곤은 22일 오후 7시(현지시각) 홍콩 아시아 월드 엑스포 아레나(Hong Kong Asia World-Expo Arena)에서 열린 '
s	뮌헨 도르트문트	않았다. 전반을 득점 없이 마친 가운데 후반전 들어 0의 균형이 깨졌다. 공교롭게도 골을 터뜨린 선수는 도르트문트에서 뮌헨으로 이적한 괴체였다. 괴체가 후반 11분 만주키치를 대신해 교체로 들어가자 경기장은 일순간 엄청난 야유가 쏟아졌다.
c	낚시면허제	낚시면허제 도입논란 낚시면허제 도입논란이 일고 있다. 낚시면허제는 낚시를 하기 전에 낚시용품점이나 마트 등에서 평생~당일 면허를 구입하도록 하고, 만약 이를 어길 경우 과태료를 물리는 제도를 말한다. 하루에 잡을 수 있는 물고기 수와
e	슈퍼독 블락비	[TV리포트=김수정 기자] 그룹 블락비 지코가 개념발언을 했다. 23일 방송된 KBS2 '슈퍼독'에서는 슈퍼독 TOP15를 결정하기 위한 라이벌 미션이 펼쳐졌다. 이날 블락비는 스페셜 심사위원으로 깜짝 등장했다. 블락비는 한 유기견
e	김광규 나혼자산다	고생하신 어머니를 위해 바다가 보이는 전망 좋은 아파트 한 채를 선물 한 것. 22일 방송된 MBC '나 혼자 산다'에서는 김광규가 태어날 때부터 살았던 낡은 집에서 고층 아파트로 이사하는 김광규와 그의 어머니의 이야기가 비춰졌다.
c	서울대공원 호랑이	【서울=뉴시스】안호균 기자 = 24일 서울대공원에서 사육사를 공격한 호랑이는 블라디미르 푸틴 러시아 대통령(당시 총리)가 2011년 선물한 시베리아 호랑이 한 쌍 중 수컷인 것으로 확인됐다. 서울대공원 관계자는 "푸틴 대통령이 당시
s	성남 대구	쓴 화려한 발자취는 과거 속에 묻히게 됐다. 성남의 마지막 홈경기 상대는 공교롭게도 강등권에 처져있는 대구다. 대구는 성남 원정 결과에 따라 2부리그(챌린지)로의 강등이 확정될 수도 있다. 그러나 성남도 양보할 순 없다. 역사 속에
s	심수창 롯데	때문이다. 2년 전 성공을 맛봤던 롯데는 이번에는 2라운드에서 우완투수 심수창을 지명했다. 영입발표 직후 롯데는 심수창 영입에 대해 "5선발 후보가 필요했다"고 밝혔다. 둘의 보직은 다르지만 롯데로서는 심수창이 김성배와 같이 새로운
s	손흥민 레버쿠젠	후반 19분 시게르시의 헤딩슛을 레버쿠젠의 레노 골키퍼가 그림 같은 선방으로 실점을 허용하지 않았다. 레버쿠젠은 후반 27분 손흥민을 빼고 크루스를 넣으며 공격진에 변화를 줬다. 교체 투입된 크루스는 활발하게 움직이며 베를린의 수비진을
s	기성용 선덜랜드	기성용(24, 선덜랜드)이 선덜랜드의 중심축으로 우뚝 서고 있다. 영국 '더램 타임즈'는 23일(이하 한국시간) '기성용은 선덜랜드의 핵심선수 'KI(KEY) MAN'라는 제하의 기사에서 올 시즌 기성용의 활약상을 상세히 전했다. 폴
c	정두언 출소	【서울=뉴시스】배민욱 기자 = 새누리당 정두언 의원이 23일 0시께 서울구치소에서 석방됐다. 이날 석방으로 10개월만에 의정활동에 복귀할 수 있게 됐다. 정 의원은 이날 서울구치소를 나서며 취재진과 지지자들을 향해 "그동안 걱정을
s	삼성화재 현대캐피탈	것도 승리의 원동력이었다. 최근 3경기 연속 60%대 공격성공률을 올리며 디펜딩 챔피언의 면모를 발휘한 삼성화재다. 현대캐피탈도 양 팀 통틀어 최다득점을 올린 아가메즈(26점 공격성공률 55.81%)를 앞세워 삼성화재에 맞섰지만 2세트
e	황정민 수상소감	수상했다./영화 '너는 내 운명', '신세계' 스틸 사진 무대에 오르자마자 다른 배우들부터 살뜰히 챙긴 황정민은 '착한 수상소감'으로 유명한 배우다. 지난 2005년, 영화 '너는 내 운명(감독 박진표)'으로 제26회 청룡영화상에서 남우주연상을
c	지만원 집행유예	김대중 전 대통령에 대한 허위 사실을 퍼트린 혐의(사자 명예훼손)로 불구속 기소된 보수논객 지만원(72)씨에 대한 상고심에서 징역 6월에 집행유예 2년을 선고한 원심을 확정했다고 24일 밝혔다. 지씨는 2009년 11월 자신의 인터넷
e	K팝스타3 첫방송	[마이데일리 = 허설희 기자] SBS 'K팝스타3'가 첫방송부터 강력한 참가자들을 공개했다. 24일 방송된 SBS '일요일이 좋다-K팝스타3'에서는 미국 '아메리칸 아이돌' 톱9 한희준부터 2년만에 재도전한 영재 이채영까지 다양하고
s	수원 5연패	꿈도 물건너가게 됐다. 한때 4위 서울을 승점 1점차까지 추격하며 역전을 노렸던 수원으로서는 지난 10월 슈퍼매치에서 승리한 이후 울산전까지 내려 5연패를 당한 게 결국 발목을 잡았다. 리그 1위 울산을 맞아 전반 16분 강민수에게
c	천주교 시국미사	11월 22일 오후 전북 군산시 수송동 성당에서는 '불법 선거 규탄과 대통령 사퇴를 촉구하는 시국미사'가 열렸습니다. 천주교 정의구현 전주교구 사제단이 주최한 이번 시국미사에는 신자 등 400여 명이 참석했습니다. 이날 시국미사를
c	명동성당 폭발물소동	경찰·군 긴급 수색작업 벌였으나 폭발물 발견 안 돼 (서울=연합뉴스) 김연숙 기자 = 24일 서울 중구 명동성당에 폭발물을 설치했다는 협박전화가 접수돼 경찰과 군 당국이 수색을 벌였다. 경찰에 따르면 이날 오전 10시 31분께 40∼
c	윤상현 박근혜	[한겨레] '검찰 수사 정보 유출' 의혹에도 "소설 같은 얘기" 반박 민주당이 윤상현 새누리당 원내수석부대표을 두고 박근혜 대통령을 '누나'라고 부르는 '막강 실세'라고 꼬집은 것에 대해 윤 의원이 25일 "잘못 알려진 것"이라며 해명했다.
e	히든싱어 아이유	눈물 소감을 접한 네티즌들은 "전현무 눈물에 나도 동감. '히든싱어2' 예능인데 보면 볼수록 눈물 난다" "히든싱어 아이유편 대박 꿀재미. 샤넌 노래에 소름 돋았다" "아이유 히든싱어도 눈물 연속. 전현무 소감 와닿네요" "히든싱어
e	쓰레기 칠봉이	꺼내어 뱉어냈다. 나정을 짝사랑하는 칠봉이에게 나정이의 마음을 받고 자신의 마음을 전할 것이라고 선언한 것. 쓰레기는 칠봉에게 "나는 내가 나정이 만나면 안되는 줄 알았다. 그런데 애 혼자 발 동동거리고 있는거 보자니까 가슴이 너무 아프다.
c	서울대공원 사육사	서울대공원에서 지난 24일 사육사를 공격한 호랑이의 운명은 어떻게 되는 것일까? 대공원에 사고를 저지른 동물을 폐사하거나 다른 곳으로 보내는 규정은 없다. 다만 맹수가 사람을 공격하면 현장에서 바로 사살을 하게 된다. 하지만 이번에는
c	신형 제네시스 사전계약	신형 제네시스의 관심도가 뜨겁게 달아오르고 있다. 현대차는 지난 19일부터 전국 현대차 지점을 통해 사전계약에 돌입한 신형 제네시스가 계약 실시 하루 만에 3500대를 돌파했다고 25일 밝혔다. 신형 제네시스가 기록한 사전계약 첫 날
s	오승환 한신입단	스포탈코리아=스페셜9 제휴] 한동훈 기자=오승환(31, 한신 타이거즈)의 일본 진출은 바보 같은 결정이다? 오승환의 한신 입단이 결정된 가운데 성급한 계약이었다는 의견이 나와 눈길을 끌고 있다. 메이저리그 클리블랜드 인디언스의 스카우트이자
s	김보경 데뷔골	유나이티드(이하 맨유) 뿐만 아니라 소속팀 카디프시티(이하 카디프)도 놀란 헤딩 동점골이었다. 맨유를 울린 김보경의 데뷔골은 애초에 카디프도 준비하지 않았던 세트피스 작전이었다. 김보경의 임기응변과 판단력이 빛을 발휘한 순간이었다.
c	안철수 신당	신당 창당 밑그림을 제시하며 본격적인 세력화에 나설 것으로 보여 야권 내 지각변동이 예상된다는 점도 고민거리다. '안철수 신당' 출범이 본격화할 경우 새누리당과 민주당이 양분해 온 양당체제가 흔들리는 것은 물론 내년 지방선거를 앞두고
s	토트넘 맨시티	멀티비츠 [이데일리 스타in 이석무 기자] 우승후보임에도 리그 9위에 머물러있던 맨체스터 시티가 토트넘에 충격적인 대패를 선물했다. 맨시티는 24일(한국시간) 영국 맨체스터 이티하드 스타디움에서 열린 2013~2014 잉글랜드 프리미어리그
e	크레용팝 공식입장	의상이 일본 아이돌그룹 모모이로 클로버Z의 한 멤버가 착용했던 의상과 유사하다는 의견에 대한 공식입장을 전했다. 소속사 측은 "크레용팝이 화보 촬영 시 착용했던 의상은 이러한 크리스마스트리의 상징적 이미지를 그대로 형상화했다"고 설명했다.
e	진짜사나이 해군음식	[마이데일리 = 이승길 기자] MBC '일밤-진짜 사나이' 멤버들이 해군 식당의 음식에 또 한 번 감탄했다. 24일 오후 방송된 '진짜 사나이'에서는 힘든 훈련을 받은 뒤, 점심 식사를 위해 식당을 찾는 멤버들의 모습이 전파를 탔다.
s	강동우 방출	엔트리에 등록된 뒤에도 부상 후유증이 그의 발목을 잡았다. 2013시즌이 끝난 뒤 강동우에게 날아든 것은 방출 통보였다. 강동우는 "구단이 '선수를 그만했으면 좋겠다'고 했는데 좀더 일찍 말해줬더라면 하는 아쉬움이 있다. 이미 2차 드래프트를
s	삼성화재 현대캐피탈	것도 승리의 원동력이었다. 최근 3경기 연속 60%대 공격성공률을 올리며 디펜딩 챔피언의 면모를 발휘한 삼성화재다. 현대캐피탈도 양 팀 통틀어 최다득점을 올린 아가메즈(26점 공격성공률 55.81%)를 앞세워 삼성화재에 맞섰지만 2세트
c	중국 이어도	제공) *****@******.*** 그러면서 김 대변인은 "방공은 영공과 개념이 다르다. 국제법적으로 인정을 받지 못하고 있는 실정이다. 이어도가 중국의 방공식별구역에 있다고 해도 대한민국의 이어도 관할권에는 변함이 없다"며 "이어도는 한국군 작전인가구역에
e	테디 공식입장	열애 사실을 인정했다. 앞서 우먼센스 측은 12월호 보도를 통해 한예슬 테디가 6개월째 열애 중이라고 밝혔다. 이에 한예슬 측은 열애 사실을 인정하며 공식입장을 밝혔다. 한편 한예슬은 소속사 계약 만료 이후 개인 매니저와 함께 활동
c	김용민 트위터글	[머니투데이 정선인턴기자][김용민, 또다시 朴 대통령 부녀 비하 글 게재] 김용민씨 朴 대통령 비하글 / 사진=김용민 트위터 팟캐스트 '나는 꼼수다' 출연자인 시사평론가 김용민씨(38)가 소셜네트워크서비스(SNS)에 박정희 전 대통령과
e	K팝스타3 김은주	이하 'K팝스타3')는 지난 시즌만큼이나 출중한 참가자들의 재능과 양현석, 박진영, 그리고 유희열까지 세 심사위원들의 특색있는 심사가 더해져 기대감을 높인 한 회였다. 이날 방송에는 벌써 세 번째 시즌을 맞이했다는 점이 무색할 정도로 여전히 실력있는 참가자들이 많이 등장했다. 절대음감을 가진 '괴물소녀' 김은주나 미국의
s	박인비 올해의선수	미국여자프로골프(LPGA) 투어는 그야말로 '박인비(25·KB금융그룹)의 해'였다. 박인비는 메이저대회 3연승 등 6승을 쓸어담아 한국 선수 최초로 '올해의 선수상'을 받은 것은 물론 2년 연속 상금왕에 올라 최고의 시즌을 보냈다. '태극낭자
e	추사랑 인상파	웃음을 선사했다. /KBS2 '슈퍼맨이 돌아왔다' 방송 캡처 [스포츠서울닷컴│박소영 기자] '인상파부터 추블리까지' 추성훈의 딸 추사랑이 각양각색의 표정으로 안방 시청자들을 '들었다 놨다' 했다. 짐 캐리가 울고 갈 정도로 다양했다.
c	부탄 국왕	스스로 권력을 내려놓은 왕이 있었다. 지난 24일 방송된 SBS '최후의 권력'에서는 스스로 권력을 내려놓은 부탄의 국왕이 전파를 탔다. 혁명이나 외압 없이 스스로 권력을 내려놓은 부탄의 4대 국왕 지그메 싱예 왕추크. 아버지의 뜻을
e	이수근 90도인사	이수근 90도인사 눈길 '이수근 90도인사 눈길' 불법도박 혐의를 받고 있는 개그맨 이수근이 '1박2일' 마지막 방송서 시청자들에게 고개 숙여 인사하며 눈물을 쏟아냈다. 24일 방송된 KBS2 '해피선데이-1박2일'에서는 시즌2 마지막
s	파퀴아오 판정승	복싱영웅' 매니 파퀴아오(35)가 브랜던 리오스(27·미국)와의 타이틀 결정전전에서 심판 전원일치 판정승으로 화려하게 부활했다. 파퀴아오는 24일 마카오 베니치안 리조트 코타이아레나에서 열린 세계복싱기구(WBO) 웰터급 타이틀결정전에서
c	서울대생 비타민D	노출로 체내에서 합성돼 '햇볕 비타민'으로 불린다. 실내에서 주로 생활하는 사람은 부족할 수 있다. 서울대생의 평균 혈중 비타민D 농도는 남학생 ㎖, 여학생 ㎖로 권장치(20ng/㎖)와 한국 20대 성인 평균(
s	유승민 박창신	【서울=뉴시스】이국현 기자 = 국회 국방위원회 위원장인 새누리당 유승민 의원은 24일 정의구현사제단 박창신 신부가 연평도 포격을 옹호하는 발언을 한 데 대해 "여야가 박 신부의 망언을 규탄하는 결의안을 채택할 것을 제안했다"고 밝혔다.
e	김지민 셀프디스	개그우먼 김지민이 셀프디스로 웃음을 선사했다. 김지민은 11월24일 방송된 KBS 2TV '개그콘서트-뿜엔터테인먼트'에서 남자 복이 없다고 밝혔다. 이날 김지민은 대본을 보다가 소속사 대표 김원효에게 만나는 남자마다 '개고생'을 하는
c	박창신신부 고발	박창신 신부님에 대해 좌시하지 않겠다고 하더니, 박근혜 끄나풀이 박 신부님을 국가보안법으로 고발하니, 정치검 찰이 고발장 잉크도 마르기 전에 박창신 신부님을 수사착수 하겠다고 엄포를 놓습니다. 로마 바티칸 교황청이 가만히 안 있을겁니다.
c	윤상현 박근혜	부르는 등 파격적인 언행을 보였다. 박용진 민주당 대변인은 24일 오전 국회 정론관 브리핑에서 "박근혜 대통령에게 '누나'라고 호칭하는 실세 윤상현 의원의 언행이 문제가 되고 있다"며 "대통령 의전에 들이대는 것도, 협상책임자가 공격책임자
c	중국 이어도	중국의 이어도 상공 ‘ 방공식별구역선포 ’ 를 보며 드는 생각 최근 몇년간 댜오위다오 ( 일본명 센카쿠 열도 ) 에선 中日 간 일촉즉발의 대치상황이 지속되고 있다 . 이에 기름을 붓는 일이 또 발생했다 . 11. 23. 중국이 댜오위다오와
c	공무원 연금개혁	제도발전위원회에는 공무원의 진입을 철저히 막아야 합니다. 양심적이고 중립적인 학자들과 시민단체가 중심이 돼서 공무원연금을 개혁해야 합니다. 이 지점에서 애매한 문제가 하나 더 생깁니다. 교수들!!! 공무원연금 개혁안을 논의하기 시작하면 곧바로
e	K팝스타3 김은주	[마이데일리 = 김미리 기자] 'K팝스타3' 참가자 김은주에 대한 하차요구가 빗발치고 있다. 지난 24일 SBS '일요일이 좋다-K팝스타3'가 첫 방송 된 후 온라인 커뮤니티 게시판에는 김은주의 과거를 폭로한 게시물이 게재됐다. 김은주가
c	이석기 공판	[CBS노컷뉴스 김양수·조혜령 기자] ↑ 통합진보당 이석기 의원. (윤창원 기자/자료사진) 이석기 내란음모사건 제8차 공판이 25일 오전 10시부터 수원지방법원 형사12부의 심리로 열리는 가운데 국정원 제보자 이모 씨에 대한 변호인단의
s	김보경 동점골	만하다. 프리킥을 지체없이 헤딩골로 연결한 김보경의 멋진 골도 다르지 않았다. 그런데 재미있는 주장이 나왔다. 김보경의 동점골 장면은 말키 맥케이 카디프 감독 뿐만 아니라 동료들 조차 모르고 있었던 상황이라는 것이다. 카디프 미드필더
c	신형제네시스 사전계약	[마이데일리 = 김경민기자]현대자동차는 지난 19일부터 전국 현대차 지점을 통해 사전계약에 돌입한 신형 제네시스가 계약 실시 하루 만에 3500대를 돌파했다고 24일밝혔다. 신형 제네시스가 기록한 사전계약 첫 날 3500대 돌파 기록은
s	김선우 방출	두산 마운드의 리더 김선우는 구단의 코치 연수 제안을 거절하고 방출을 택했다. 두산 유니폼을 입고 은퇴하고 싶은 마음이 컸지만, 마지막 도전을 위해 험난한 길을 택했다. 스포츠동아DB 코치 제안 거절…선수생활 연장 희망 두산, 핸킨스·
c	안철수 신당	무소속 안철수 의원의 신당 창당 움직임을 놓고 정치권에서 다양한 의견들이 쏟아지고 있다. 야당측 일부 의원들은 안철수 신당과 연대를 요구하는가 하면 신당 창당의 파장이 크지 않을 것이란 견해도 나오고 있다. 여당에서는 비판적 견해가
e	엘 김도연	대해 소속사 측이 공식 입장을 발표했다. 인피니트의 소속사 울림엔터테인먼트는 26일 오후 홈페이지에 "9월 엘과 김도연의 열애설이 불거졌던 당시 두 사람은 약 4개월간 만났다. 엘은 만남에 대해 인정하려고 했지만, 소속사에서 아티스트
c	김용민 발언논란	해 논란에 휩싸이고 있다. 지난 23일 자신의 트위터에 "이 정권은 불법정권임을 자인하는 꼴이다. 하긴 그 애비(아비)도 불법으로 집권했으니 애비나 딸이나"라는 글을 올리면서 김 씨의 막말은 또다시 시작됐다. 이어 그는 지난 24일에도 "내란으로 권좌를 유지한 애비와 부정선거 덕에 당선되고도 '난 모르는 일'이라며 입 씻더니 진상 규명에 대해서는 기를 쓰고 막아대는 딸이나 뭐가 다르냐는 제 말이 '막말'이라네요"라는 글도 트위터에 게재했다. 또한 김 씨는 25일 "장물애비 따님 '김용민 또 막말'로 재미 좀 보셨어요?"라며 "총체적 불법 부정선거를 저지르고 4남 2년의 혼외 자식을 두고 북괴도 못한 4대 세습을 하는 것들이"라고 비난했다. 김 씨는 2004년 인터넷 팟캐스트 '나는 꼼수다'라는 방송에서 연쇄 살인범 유영철을 풀어 미국의 여성 장관을 성폭행 하자는 등 여성과 노인들을 비하하는 발언을 한
c	울산 선박좌초	최재숙씨 제공) ***@******.*** ↑ 【울산=뉴시스】장지승 기자 = 25일 오전 발생한 선박 좌초에 이은 기름 유출로 울산 동구 상진항이 검게 그을려 있다. 좌초 선박 중 한국 국적의 범진호에서 11명이 구조됐으며, 중국선적
s	토트넘 맨시티	요리스였지만, 직접 떠먹은 건 맨시티. 실수를 빠짐없이 골로 연결한 집중력과 결정력은 대단했다. 슈팅 개수가 맨시티 15 vs 토트넘 13임에도 스코어가 6-0까지 벌어진 건 이 때문이었다. 선제골을 내준 직후의 토트넘은 나쁘지 않았다. 양
e	한예슬 테디 열애	[티브이데일리 윤혜영 기자] 그룹 투애니원(2NE1, 박봄 산다라박 공민지 CL)이 배우 한예슬과 열애 중인 YG엔터테인먼트 소속 프로듀서 테디에게 축하인사를 건넸다. 25일 오전 온라인은 한 여성지가 보도한 테디와 한예슬의 열애설로
c	조계종 시국선언	전망이다. 조계종 실천불교전국승가회는 25일 보도자료를 통해 "박근혜 정부의 참회와 민주주의 수호를 염원하는 조계종 승려 시국선언을 28일 조계사에서 진행할 예정"이라고 밝혔다. 이들은 시국선언에서 국가기관의 대선 개입에 대한 특검 도입과
c	호주 한국인워홀러	용의자가 검거됐다. 26일 호주 언론과 시드니 주재 한국총영사관에 따르면 퀸즐랜드주 경찰은 한국인 워홀러 P(22·여)씨를 살해한 혐의로 호주 청년 알렉스 로벤 맥이완(19)을 붙잡아 조사하고 있다. 경찰에 따르면 맥이완은 지난 24일
e	문근영 김범	김범 문근영 기내목격담이 네티즌들의 이목을 집중시키고 있다. 김범 문근영은 11월 25일 오후 2시30분께 런던에서 인천으로 입국하는 비행기를 타고 인천국제공항에 동반 입국했다. 김범 문근영은 한 눈에봐도 커플룩처럼 보이게끔 비슷한
e	김우빈 이민호	SBS 수목드라마스페셜 '왕관을 쓰려는 자, 그 무게를 견뎌라-상속자들'(이하 상속자들)에 함께 출연하고 있는 이민호와 김우빈, 이 두 남자가 안방극장을 핑크빛 설렘으로 물들이며 뭇 여성들의 심장 박동수를 끌어 올리고 있다. 언뜻 까칠한
s	강동우 방출	많았는데 이정훈 감독님, 이상군 코치님, 전대영 코치님 등 세심하게 배려해주신 코칭스태프에도 감사하다"고 전했다. 강동우는 "방출이 돼 아쉽지만 나를 데려가는 팀만 있다면 아쉬울 게 없다. 어디서든 야구만 할 수 있다면 감사한 것이다.
e	김송 임신	김송 임신 소식이 알려진 가운데 강원래 과거발언이 네티즌을 뭉클하게 하고 있다. 강원래는 지난 2011년 11월 방송된 KBS 2TV '여유만만'에서 자신의 간절한 소망을 드러냈다. 방송에선 10여년 전 오토바이 사고로 하반신이 마비돼
e	힐링캠프 김성주	막내딸 김민주까지 방송인 김성주 이전에 '가장' 김성주에게 힘을 주는 원동력이 된 것이다. 이날 김성주 아내와 김민율이 '힐링캠프' 촬영장에 깜짝 방문한 가운데 가족들의 증언도 이어졌다. 진수정 씨는 김성주를 100점 만점에 100점
c	서울대공원 호랑이처리	사육사의 목을 물어 중태에 빠뜨린 시베리아 호랑이/뉴스1=안은나 기자 서울대공원이 사육사를 물어 중태에 빠뜨린 호랑이에 대해 국내·외 사례를 검토한 뒤 처리하겠다는 입장을 발표했다. 안영노 서울대공원장은 25일 오후 서울시청사 브리핑룸에서
e	안젤리나졸리 하트섬	선물했다. 11월 25일(현지시간) 미국 연예매체 스플래쉬닷컴은 할리우드 배우 안젤리나 졸리가 12월 18일 브래드 피트 50번째 생일 선물로 하트 모양의 섬을 선물했다고 보도했다. 보도에 따르면 이 섬은 미국 뉴욕 인근 마호팍 호수 안에
s	김연아 IOC	2014년 러시아 소치 동계올림픽이 2달 반 앞으로 다가온 가운데 국제올림픽위원회(IOC)가 '피겨여왕' 김연아를 조명하는 영상을 공개해 눈길을 끌고 있다. IOC는 지난 24일(이하 한국시각) 공식 홈페이지와 유튜브 채널을 이용해
c	채명신 별세	베트남전쟁 당시 초대 주월남 한국군 사령관을 지낸 채명신 예비역 중장이 향년 87세를 일기로 오늘 오후 별세했습니다. 고인은 지난 1965년 주월남 사령관 겸 맹호부대장에 임명된 후 1969년까지 4년 가까이 베트남전에 참전한 한국군을
c	국민은행 횡령사고	못했다. 국민은행 관계자는 "보통 경제적으로 어렵거나 금전문제가 있는 직원은 큰돈을 만지는 자리에 앉히지 않는다"며 "박 차장은 그런 문제가 없다고 판단해 주택채권 담당 업무를 맡긴 것으로 안다"고 말했다. ▷여기를 누르시면 크게 보실 수 있습니다 워커홀릭(Workaholic·일 중독자)의 역설인가. 근래 금융사고를 일으킨 이들 중 다수는 회사에서 일 열심히 하고 주위와의 관계 좋기로 소문난 이들이었다. 근무태도가 불성실하고 불평·불만이 많은 직원은 오히려 별로 눈에 띄지 않았다. 금융권에서는 이처럼 회사 돈을 횡령하거나 회사에
e	데니안 반파사고	[마이데일리 = 김경민기자]가수 데니안이 케이블 채널 XTM '탑기어 코리아 시즌5'(이하 탑기코5) 촬영 중 차량이 반파되는 사고를 겪은 사실이 마이데일리 단독 보도 를 통해 확인됐다. 하지만 제작진은 해당 방송을 통해서 사고 사실을
c	두산건설 감자	두산건설이 감자를 결정함에 따라 주식 매매거래가 정지됐다. 두산건설은 25일 10대 1 감자를 통해 10주가 1주로 병합된다고 밝혔다. 이에 따라 발행주식수는 5억5185만여주에서 5518만주로, 자본금은 2조7693억원에서 2859억원으로
c	시간제교사 도입	시간제교사 도입,시간선택제 교사 자격,시간제 일자리 채용박람회,시간선택제 채용박람회 시간선택제 교사가 내년부터 교단에 설 수 있게 되었는데요.교육부에 따르면 내년 2학기부터 하루 4시간만 근무하는 시간선택제 교사 600명이 일선 국.
c	연제욱 소환	사이버사령부(군 사이버사)의 대선 개입 의혹을 수사하고 있는 국방부 조사본부(본부장 백낙종 소장)가 연제욱 청와대 국방비서관을 최근 소환 조사한 것으로 확인됐다. 국방부 관계자는 25일 "국방부 조사본부가 지난 주말 군 사이버사의 정치
s	몰리나 가족	인턴기자] /사진=몰리나 인스타그램 캡처 뇌진탕 증세에서 회복한 몰리나(33, FC서울)가 가족들에 대한 고마움을 전했다. 몰리나는 25일 자신의 인스타그램을 통해 "어제 나를 깨우게 한 힘은 내 가족 이었다"는 글과 함께 아들
s	호날두 부상	2013/2014 스페인 프리메라리가 14라운드에 선발 출전했다가 후반 9분 다리 통증을 호소하며 교체 아웃됐다. 호날두의 부상이 심하지 않을 것으로 예상 했던 레알 마드리드의 의료진은 정밀 검사 후 "호날두의 부상은 생각보다 심해 그의
s	김상식 은퇴예정	2013.9.29 '식사마' 김상식(37·전북)이 정든 그라운드를 떠난다. 전북은 '김상식이 올시즌을 끝으로 은퇴할 예정'이라고 밝혔다. 김상식은 최근 최강희 전북 감독과의 면담에서 은퇴 의사를 재차 밝혔다. 수비형 미드필더인 그는 올시즌 플레잉코치로
c	한상대 종북검사	< 아이뉴스24 > [이영은기자] 민주당이 26일 한상대 (사진) 전 검찰총장의 '종북검사' 징계 발언 논란과 관련, 정부여당과 보주진영의 '종북몰이' 중단을 촉구했다. 이명박 정권 당시 검찰총장을 지낸 한 전 총장은 전일 사단법인
e	장미인애 집행유예	이신영 기자 = 수면마취제 프로포폴을 불법 투약한 혐의로 기소된 연예인 장미인애(29)씨와 이승연(45), 박시연(본명 박미선·34)씨가 징역 8월에 집행유예 2년을 선고받았다. 서울중앙지법 형사9단독 성수제 부장판사는 25일 장씨와
s	오승환 마케팅	오승환. 사진=삼성 라이온즈 [이데일리 스타in 정철우 기자]한신 타이거즈가 오승환 마케팅에 적극적으로 나서고 있다. 일본 뿐 아니라 한국에서의 세일즈도 적극적이다. 일본 스포츠 전문지 '산케이스포츠' 25일 "오승환이 한국과 일본에도
c	손석희 뉴스9	2013년 11월 29일, 헤럴드경제에서 온 글입니다
c	안철수 정치세력화	2013년 11월 29일, 한국일보에서 온 글입니다
c	이어도 방공식별구역	2013년 11월 28일, 국민일보에서 온 글입니다
c	박창신 교황청	2013년 11월 29일, JTBC에서 온 글입니다
c	인혁당 사건	2013년 11월 28일, 연합뉴스에서 온 글입니다
c	민주당 필리버스터	2013년 11월 28일, 한겨레에서 온 글입니다
s	김진욱 경질	2013년 11월 29일, 노컷뉴스에서 온 글입니다
c	구룡포과메기	2013년 11월 29일, 조선비즈에서 온 글입니다
e	이민호 박신혜	2013년 11월 28일, 스타뉴스에서 온 글입니다
c	채동욱 개인정보	2013년 11월 29일, 경.공매 투자 재테크의 모임에서 온 글입니다
s	김연아 탱고	2013년 11월 29일, 스포츠조선에서 온 글입니다
e	정우 김유미	2013년 11월 28일, TV리포트에서 온 글입니다
e	이승기 꽃누나	2013년 11월 29일, 티브이데일리에서 온 글입니다
c	김황식 국회해산	2013년 11월 29일, 뉴스토마토에서 온 글입니다
e	케이윌 참짜면	2013년 11월 29일, 마이데일리에서 온 글입니다
e	한은정 해피투게더	2013년 11월 28일, 마이데일리에서 온 글입니다
e	강민혁 크리스탈	2013년 11월 28일, 마이데일리에서 온 글입니다
s	이천수 기소유예	2013년 11월 28일, 뉴스엔에서 온 글입니다
e	아이유 국민여동생	2013년 11월 29일, 마이데일리에서 온 글입니다
e	박진영 결혼	2013년 11월 29일, TV리포트에서 온 글입니다
s	두산 김수완	2013년 11월 28일, 스타뉴스에서 온 글입니다
s	손흥민 영국언론	2013년 11월 28일, mk스포츠에서 온 글입니다
c	이상규 탈진	2013년 11월 28일, 연합뉴스에서 온 글입니다
e	고아라 공약	2013년 11월 28일, OSEN에서 온 글입니다
s	PSV 유로파리그	2013년 11월 29일, 스포츠조선에서 온 글입니다
e	효린 비욘세	2013년 11월 28일, OSEN에서 온 글입니다
c	돼지콜레라 발생	2013년 11월 28일, 뉴시스에서 온 글입니다
e	디오 영화데뷔	2013년 11월 29일, 뉴스엔에서 온 글입니다
e	최진실 베르테르효과	2013년 11월 28일, MBN에서 온 글입니다
